time,count,user_count,distance_median,distance_mean,distance_max
Mon Sep 03 00:00:00 UTC 2012,3021,YeKiittahOnellH=38_KevinWayne_=38_TicTocTrillxo=33__SaluteMyGaynes=31_OhhSoWaveyyy=29__9110024=23_lalalatinaaaxo=21_Guitarhandle=21_ThuggItOut__=20_PrincesseAKO=20_Meen_Muggin=20,0.96423300913928,2.93349060441928,32.2148340027246
Mon Sep 03 01:00:00 UTC 2012,3059,ValeriePayne12=41_DerekBFelix=38_TicTocTrillxo=38_USACarService1=35_KevinWayne_=32_KeishaCray=31_cenoura_do_lou=30_JHerbertArtist=29_its__lexxx=27_jotyyyy=26_poche28=24,0.956472269314092,3.04003491643633,27.6340608367044
Mon Sep 03 02:00:00 UTC 2012,2072,MaMi_Im_Papi=51_g_kaur423=41_DerekBFelix=32_LJoesWiffey=32_laurasux=30_Paris_ShitCAKE=29_TicTocTrillxo=26_JoseNietox26=25_nachobell=24_EnvyKillsx=23_MannyKen21=23,0.611524362152532,2.28153986070232,26.9467562922996
Mon Sep 03 03:00:00 UTC 2012,1310,_nevercareed=55_ChannyJ_=39_ImThe_ShitHoe=34_AdamMella22=28_brennaBerrigan=23_ladywhimsy=21_BillionaireKid5=17_DerekBFelix=16_CashThatClarisa=16_ValeriePayne12=15_MaMi_Im_Papi=14,0.582351619459719,1.5222672724578,25.6878494581068
Mon Sep 03 04:00:00 UTC 2012,780,CashThatClarisa=45_LilButtBianchi=25_Mayin1979=17_bettyIdol=15_ii_am_3D=14_MaMi_Im_Papi=13_ValeriePayne12=12_MaisonMargiela=11_kojakan=11_Shae_GUNSxoxo=11__nevercareed=11,0.985139544876941,2.27099537204919,22.5853443546617
Mon Sep 03 05:00:00 UTC 2012,571,Shae_GUNSxoxo=21_StarGyal_=14__MiryaMugiwara=14_XAPVI=14_Noviasmii=13_Mii_Amorr=12_The_Monii3_FX=12_RespectMySexxy=12_sydney_chan=11_Stefflp=9_EssTrip=9,0.557340527765881,1.44779497566546,14.805135168839
Mon Sep 03 06:00:00 UTC 2012,485,Noviasmii=40_dani9_gbc=26__MiryaMugiwara=23_silkenevening=15_GAGASUGARTITS=8_RespectMySexxy=8_FAAYoungAnthony=7__CoolSt0ryBro_=7_anuki_k=7_XAPVI=6_Shae_GUNSxoxo=6,0.589898561706775,4.01252265797319,26.6943053626033
Mon Sep 03 07:00:00 UTC 2012,663,Noviasmii=39_krissstel=22_SuperArslan=19_BalbinaMusic=15__MiryaMugiwara=11_NanieSoWaveyy=10___kote=10_NS_MODE=9_TeshawnEdmonds=8_VielArtuz=8_Marcie14=8,1.13726785305772,7.20228034831128,132.495389891823
Mon Sep 03 08:00:00 UTC 2012,1101,SuperArslan=37_Scorpio_Queen72=37_whosthatlesb=25_SusioHurtado=19_dani9_gbc=16_Marcie14=14_Nasar357=14_Prasad_Paatkar=14_IPhoneundIPad=13_VielArtuz=11_patriciamarielx=10,0.503630939522139,3.19791867286917,39.0483109964832
Mon Sep 03 09:00:00 UTC 2012,1697,whosthatlesb=49_Scorpio_Queen72=40_dani9_gbc=37_Oh_queclassy=27_Nasar357=26_SuperArslan=24_Noviasmii=18_dawnlovesdavid=18_PhuckYoLife=18_mcdonald494=17_YeKiittahOnellH=17,0.712115078639979,3.31249729810242,37.1636263644454
Mon Sep 03 10:00:00 UTC 2012,2369,dani9_gbc=42_whoslohanna=41_mcdonald494=34_Prettypatty9=28_Noviasmii=28_Oh_queclassy=23_Judaslover_mwah=22_mrdefoster=22_MrShottaz=20_ZNewsSwagg=19_IllestG15=18,1.18587284070548,3.55164608727901,47.4831718658179
Mon Sep 03 11:00:00 UTC 2012,2614,Judaslover_mwah=54_RethSexay=41_Prettypatty9=38_ZNewsSwagg=37_whosthatlesb=34_mcdonald494=30__MiryaMugiwara=23_futurescoundrel=19_its__lexxx=19_CKelle_1993=19_TheValleyGirl_=17,0.699140396483446,2.90149765768902,53.586300086603
Mon Sep 03 12:00:00 UTC 2012,2858,ibeonmygrind365=64_SugarDaddy_D=41_SpindolaMarisol=36_mcdonald494=36_Judaslover_mwah=32_MiLoveGangsta=28_ZNewsSwagg=27_MaMi_Im_Papi=19_futurescoundrel=18_Guitarhandle=17_Prettypatty9=17,0.855190629648961,2.73358836286016,30.3982188806751
Mon Sep 03 13:00:00 UTC 2012,2956,ImThe_ShitHoe=36_mcdonald494=33_MaMi_Im_Papi=27_ohhhmyJONAS=27_JeyMendoza19=23__iGO_1Direction=22_ink_NY=22_ladywhimsy=20_pamela_trinidad=19_Melz_527=18_BollyWoodsOwn=17,0.610834593591213,2.10688440067823,25.4494604115107
Mon Sep 03 14:00:00 UTC 2012,2753,Prettypatty9=33_KINGNUPA=31_FalconesPunch=31_mcdonald494=29_liveINDYfuture=29_Kaatheeeriiinee=28_CISCATOMATIAS=21__MiryaMugiwara=21_Eltoty04=19_MariaAngelicaMM=19_pink_TRIGGER=18,0.918098483372668,3.10864050008214,45.735779847003
Mon Sep 03 15:00:00 UTC 2012,2892,KevinWayne_=37_Eltoty04=29_DerekBFelix=24_SuperArslan=21_ToneOfMyVoice=19_HiddenButSeen=19_allburbanot=18_Aye_Shama=18_Munah_Holland=18_MariaAngelicaMM=17_ECarter_=17,0.925441627735029,2.52176340816145,21.7047077375969
Mon Sep 03 16:00:00 UTC 2012,3123,SuperArslan=34__RyanNathaniel=32_bluntbastard=30_DizzleDime=30_DerekBFelix=26_eccentric_lovex=25_KyleEditor=24_bobbymontano=21_MaryuriAg=21_StillBlazinggg=19_joshuacooper10=19,1.0668623761787,3.3034280005499,40.4350960966059
Mon Sep 03 17:00:00 UTC 2012,939,FrancescaTW94=41_AyooItsTianna=21_KyleEditor=17_eccentric_lovex=13_Iam_FANZ=10_dani9_gbc=10_GAGASUGARTITS=10_LuizaMMelhem=10_DerekBFelix=9_mcdonald494=9_End_Ratchetness=7,0.512569774963087,0.965045405011182,3.02438260905512
Mon Sep 03 18:00:00 UTC 2012,0,"",0,0,0
Mon Sep 03 19:00:00 UTC 2012,3142,MiLoveGangsta=54_KevinWayne_=35_MaMi_Im_Papi=32__KingMalcolm=27_Munah_Holland=25_KeekzD=24_nicoleeastcoast=23_aaldu18=23_whosthatlesb=23__JoeSparrow=17_Prettypatty9=16,0.708926955425526,2.82955304201186,39.6352395379148
Mon Sep 03 20:00:00 UTC 2012,4065,whosthatlesb=41_DerekBFelix=39_tmj_nwk_jobs=38_MiLoveGangsta=34_nicoleeastcoast=30__KingMalcolm=27__iGO_1Direction=25_MaxxRozay=24_WRD_2MY_MAMA=24_LoveGlitzNGlam=23_Yadiis2sassy=23,0.845385095688004,4.32926076188606,67.3807266186662
Mon Sep 03 21:00:00 UTC 2012,3539,KevinWayne_=39_DerekBFelix=25_MiLoveGangsta=24_Shawtygotit_Xo=24_marcoscostaz=23_its__lexxx=23_LoloSantana_M=21_Judaslover_mwah=21_WRD_2MY_MAMA=17_MariaGBraga=16_ChannyJ_=15,0.700613041349654,2.96538567095111,39.4760002934651
Mon Sep 03 22:00:00 UTC 2012,3870,KevinWayne_=56_krissstel=44_aaldu18=32__ciityBoyYeezy=30_MariaAngelicaMM=29_TheIMYFather=23_ImThe_ShitHoe=21_Guitarhandle=21_LightDarkPhate=21_Swag_Champion=20_FA_v1c=19,0.938732804404161,2.76090008465972,21.841861057195
Mon Sep 03 23:00:00 UTC 2012,3732,_CallMeMir=51_SugarDaddy_D=50_ImThe_ShitHoe=34_I_amHarmony=32_mrshuttlezworth=29_Aye_Shama=26_SupraKaDabra=26_lovedrugsandyou=26_stephenautar=25_Guitarhandle=24_brina_utd=24,0.769609295097169,3.4359513282114,90.1350209102985
Tue Sep 04 00:00:00 UTC 2012,3020,ImThe_ShitHoe=57_mrshuttlezworth=33_DerekBFelix=31_eccentric_lovex=27_Keri_London27=25_WhiteGirl_Asiaa=22_Guitarhandle=21_felipeedoardo=21_AK33MJ=21_lafiera56=19_ToXicNYCBadBoii=18,0.697886329711368,2.76755665668228,43.9243652935514
Tue Sep 04 01:00:00 UTC 2012,2405,krissstel=44_Meen_Muggin=35_Hipster_Nights=34_AniyahNicole_=33_fauxdeity=31_ImThe_ShitHoe=29_AyeeEsmix3=27__CallMeMir=27_MiLoveGangsta=23_KatelynMorgan=21_xo_fini=21,0.708605882089332,3.16399233680183,45.905426568485
Tue Sep 04 02:00:00 UTC 2012,1483,ThatGirlSimba=32_AriLence=31_Kiduke1=31_joshuacooper10=28_Meen_Muggin=26_dearlesley_=24__WildaBeest=19_CLRana9017=19_RespectMySexxy=18_eccentric_lovex=18_AyeeEsmix3=18,0.729938125681159,1.76307111170539,18.3632614335463
Tue Sep 04 03:00:00 UTC 2012,981,Meen_Muggin=45_ImThe_ShitHoe=32_Quan_bedrock=29_The_Monii3_FX=28___SupremeDream=24_joshuacooper10=18_chocolatemick=17_onikabaricka=16_HoddySmile_Nice=16_eccentric_lovex=15_RespectMySexxy=15,0.921744652820669,2.68130492524379,35.3633554554493
Tue Sep 04 04:00:00 UTC 2012,619,MsRelle246=43_The_Monii3_FX=26_Jay_Jospitre=16_Haha_yu_Mad=15_Only_Marsh=15_McFuckin_Lovin=15_BollyWoodsOwn=13_eccentric_lovex=12_onikabaricka=12_RichboiRichie=11_xo_Mercedess=11,0.810780229775334,3.05438383892425,24.2399442191582
Tue Sep 04 05:00:00 UTC 2012,433,xo_Mercedess=37_mcdonald494=35_Haha_yu_Mad=12_ThvtNiggaKayvon=10_ManilaPhCondos=8_abrhmdavid=8_MsRelle246=8_Ericaa_x031=7_Madeline_Anette=6_ATPEACECHURCH=6_tomylove09=6,0.791333224274487,3.47328837225552,41.6024580443234
Tue Sep 04 06:00:00 UTC 2012,620,Ryanfathurrachm=16_xo_Mercedess=14_GAGASUGARTITS=14_Prasad_Paatkar=14_zzarr64=11_BalbinaMusic=10_agebhard=9_salserolopez=9_Article_24=7_rikowijayanto=6_Mayin1979=6,2.08556658710197,6.7122472280572,52.6529080171195
Tue Sep 04 07:00:00 UTC 2012,982,MartinJoss18=19_kavan_94=18_SuperArslan=13_krissstel=12_26Bettyboop=11_smoothGROOV3=10_GAGASUGARTITS=8_VielArtuz=8_IAMFofana=7_yatown_popular=6_August05Hoes=6,0.873559903120014,6.16869937940731,123.935796315528
Tue Sep 04 08:00:00 UTC 2012,1700,Oh_queclassy=51_Scorpio_Queen72=32_Yadiis2sassy=17_Patcheel=17_DaCrayNaijaChic=14_MoneyBossPrince=13_tranceboy_johny=12_krissstel=11_Noviasmii=11_lorin_milian=10_djoptimistic=9,1.10969021870463,3.90099642343815,35.645672065118
Tue Sep 04 09:00:00 UTC 2012,2052,mcdonald494=30_XGilli_Da_KingX=27_USTaxAttorney=20_Patcheel=18_HologramRandi=16_fraudado=16_Sweet_Havoc=14_couldbebroken=13_shaelirei=12_Scorpio_Queen72=12_nygeneral=12,0.916263315319657,3.28815514884875,37.5986941726586
Tue Sep 04 10:00:00 UTC 2012,2568,tranceboy_johny=23_dontdoubtlife=19_XGilli_Da_KingX=17_dani9_gbc=16_fraudado=16_SoyAdriannaC=15_Jenibeetle=15_VielArtuz=15_tWeet_iDareYou=15_DjSplash973=14_lorin_milian=14,0.593127469398458,2.74026336900767,64.6005304062284
Tue Sep 04 11:00:00 UTC 2012,2718,_ciityBoyYeezy=46_wekonjayce=34_7Ash_bash=24_thatnigga_JERM=24_PhuckYoLife=22_mutalib_ahmed=21_mcdonald494=20_missiz_adheu91=19_dontdoubtlife=18_Jo_CuDi=18_kwonjuney=18,0.933447023945687,2.19602700427019,27.6321822028649
Tue Sep 04 12:00:00 UTC 2012,2719,MiLoveGangsta=30_juancamiloosp14=25_SKIPPERGIRL009=20_mutalib_ahmed=19_DerekBFelix=16_mcdonald494=16_dearlesley_=16_rishegee=14_AAlMudhaf=14_MaryuriAg=14_elichotti=14,0.800102787630166,2.21410830855297,30.8963797071829
Tue Sep 04 13:00:00 UTC 2012,2753,tranceboy_johny=30_GAGASUGARTITS=25_REEMSTAYWITCASH=23_agronsaur=23__ciityBoyYeezy=22_Rissa_Daddy=21_DariusTatum=19_Real_1D_Loverr=18_kae_augustine=17_rishegee=16_CLASSICOLIVE=14,0.953208261292433,3.21554610523857,66.8125868611049
Tue Sep 04 14:00:00 UTC 2012,3018,DreamChaser427=36_SASHASTONENY=34_joshuacooper10=32__ciityBoyYeezy=31__Jazzy_Bella_=31_GAGASUGARTITS=26_kweffa23ohh=24_whosthatlesb=23_DariusTatum=22_Stratocumulus=21_The_Monii3_FX=19,0.62344165309391,2.72662197147979,61.6489166673555
Tue Sep 04 15:00:00 UTC 2012,2931,The_Monii3_FX=26_pextis24=26_louisowner=26_gabscoitu=22_CISCATOMATIAS=19_Ortegaisboss=19_GeorgiaaRoseex3=19__Jazzy_Bella_=18_Prettypatty9=16_Dashing_NYK=16_WeenAlvarado=16,0.730256730770222,3.54579902808315,50.2332457617589
Tue Sep 04 16:00:00 UTC 2012,3133,LauraRivas_=27_couldbebroken=25_Prettypatty9=22_lorin_milian=21_mrshuttlezworth=20_HoddySmile_Nice=19_cenoura_do_lou=19_ADiPtrantonio=19_NaStYNat322=17_sydneya70157455=17_gabscoitu=17,0.910572241573957,3.25327574604697,38.3594307723623
Tue Sep 04 17:00:00 UTC 2012,3174,liveINDYfuture=27_onikabaricka=24_JLOV_CRAY=24_OhThatsJakiemia=21__Jazzy_Bella_=21_cenoura_do_lou=20_xo_fini=20_McBoss_Xpensive=19_RichB0YMarty=19_joshtheghost=19_HeyItsKem=19,1.10287037992162,3.53317273868531,33.5023097491304
Tue Sep 04 18:00:00 UTC 2012,3526,KevinWayne_=85_FL0wer_Bomb=40_dani9_gbc=30__Jazzy_Bella_=30__AichaE=28__ciityBoyYeezy=28_YourExcellency_=28_OhThatsJakiemia=27_Prettypatty9=25_0ceanSilence=24_xo_fini=22,0.756019037779953,2.32520533518929,22.1041078765475
Tue Sep 04 19:00:00 UTC 2012,3805,KevinWayne_=53_ValeriePayne12=45_MelvinAMartinez=43_whosthatlesb=35_OhThatsJakiemia=30_YourExcellency_=25_v_castilho=21_kazarnowicz=20_DerekBFelix=19_stephenautar=17_KorkanMDNA=17,0.63628075034981,2.92115545913056,57.6131185082832
Tue Sep 04 20:00:00 UTC 2012,4252,KevinWayne_=71_tmj_nwk_jobs=50_whosthatlesb=36_Prettypatty9=35_GBosconi=35_nwklegal=34_krissstel=30_FashionQueennn=30_LoloSantana_M=27_DerekBFelix=25_ThvtNiggaKayvon=23,0.582133647892445,2.85826520418597,43.5309356572424
Tue Sep 04 21:00:00 UTC 2012,4336,DerekBFelix=59_KevinWayne_=41_Prettypatty9=29_stephenautar=29_NanaValenzuela=27_Taty_TryshaOF=26_its__lexxx=24_Dayannerrr=24_tGo2g0=23_LoloSantana_M=22_xo_JusJas=21,0.802794158632314,2.68400386209159,44.9604100425971
Tue Sep 04 22:00:00 UTC 2012,3961,EspLaali=34_stephenautar=28_ThvtNiggaKayvon=20_tranceboy_johny=20_WeenAlvarado=19_xo_fini=19_gonzni=17_CesarDash_=17_hernaldocruz2=17__ciityBoyYeezy=17_ZayToo_High=16,0.577383100227921,2.056016016674,20.2258446381946
Tue Sep 04 23:00:00 UTC 2012,4516,Jo_CuDi=54__KingMalcolm=40_tranceboy_johny=33_cenoura_do_lou=32_01stMarch1994=30_stephenautar=27__CallMeMir=26_mrshuttlezworth=25_MariaAngelicaMM=23_lalalatinaaaxo=22_Dayannerrr=20,0.600126407395018,2.03236228427911,20.2211721393945
Wed Sep 05 00:00:00 UTC 2012,3421,tranceboy_johny=42_DerekBFelix=38_ChawlieeefLeee=36_DiamondXCIV=31_pextis24=31_ROSEofRAMMSTEIN=30_MedicenAngelica=28_xo_Mercedess=28_KenSimonSays=28_ThvtNiggaKayvon=25_UniqueBoyx=21,0.837263224327144,3.47502918761117,109.352670821331
Wed Sep 05 01:00:00 UTC 2012,2227,LookAliveKiddoh=48_Crotch88=30_Forever17_XO=28_xo_Mercedess=28_bumpyjohnson=27_DiamondXCIV=23_dearlesley_=22_SavageOrNuttn=20_amazing_MELSx3=19__ImMamaMoon=18_Its_MarcosNY=17,0.402291059209045,1.95635067551068,21.0341471649241
Wed Sep 05 02:00:00 UTC 2012,1437,tObZzinThoSe=47_amazing_MELSx3=32_MJennifer_02=31_AriLence=31__WildaBeest=28_XGilli_Da_KingX=26_NayFenty=25_trace_kelly=25__AStarwasborn=24_SupraKaDabra=20_BlackStephan=20,0.655854709702663,2.86813780957818,66.6967156970784
Wed Sep 05 03:00:00 UTC 2012,869,XGilli_Da_KingX=29_BMF_BANKS=29_tObZzinThoSe=28_ADAllDay32=28_stephenautar=15_KaylaVoLd=15_itsme_tootsie24=15_StarGyal_=15_xStinkfacex=14_AshiaNashaXO_=13_rainydayroxie=13,0.754667723791987,3.46011672273354,41.4293453575529
Wed Sep 05 04:00:00 UTC 2012,446,Tinglay=35_QUEEN_JAY81=14_no_excuses9=13_damjoo=12_BMF_BANKS=10_rainydayroxie=10_RayanAlTewairqi=9__WildaBeest=9_TwoAresTooTeas=7_TERIMAAKIJACK=7_itsme_tootsie24=7,0.774462105747383,1.52587107163458,18.9998356477888
Wed Sep 05 05:00:00 UTC 2012,481,AmandaDrakeG=70_Tinglay=14_FerdinandRising=13_GAGASUGARTITS=11_skrap2343=9_MiNutchie=7_RayanAlTewairqi=7_imajes=6_TERIMAAKIJACK=6_Armakk=6_pauldurantt=6,0.805918666693802,1.81465253118207,7.92845545418167
Wed Sep 05 06:00:00 UTC 2012,748,TruthTheLesbian=51__AichaE=15_NivensYQE=11_Tinglay=10_rainydayroxie=8_FAAYoungAnthony=8_dani9_gbc=8_zzarr64=8_BOTOXXX=7_26Bettyboop=7_TMeqqaPrettyFMS=7,1.25105740402791,3.82607340782313,20.5807029968138
Wed Sep 05 07:00:00 UTC 2012,1397,SugarDaddy_D=53_krissstel=46_Smiley_Cee=35_imamover=34_J3anyus=14_lorin_milian=13_couldbebroken=13_KeepTwatchingV=12_zabackj=11_mcdonald494=10_Greaszy_Desy189=9,1.32288268537817,4.57230957343179,57.8790298365149
Wed Sep 05 08:00:00 UTC 2012,1942,VICLEGEND=25_mcdonald494=20_SatansSinSeeker=18_acerondo=17_iMouse_=17_rainydayroxie=14_GAGASUGARTITS=13_tranceboy_johny=12_andycabrera93=11_pbailon1984=10_djaja5=10,1.12238461741577,3.8711274215954,35.2246938744296
Wed Sep 05 09:00:00 UTC 2012,2627,Oh_queclassy=30_tranceboy_johny=25_I_KissedA_Girl=24__itzsirtoyou=23__ciityBoyYeezy=22_BollyWoodsOwn=17_MissPhat_96=15_brina_utd=15_VielArtuz=15_KIDTEAMHEAT=15_thalia_guzman=15,0.687438798291537,2.24823146382205,27.7125204052971
Wed Sep 05 10:00:00 UTC 2012,2846,jorgrami=36_Prettypatty9=34_brina_utd=29_dani9_gbc=23_edzitron=23_tranceboy_johny=20_Oh_queclassy=20_I_KissedA_Girl=20_emilleeyaa=18_Noviasmii=16_MyOnlyLoveJenn=16,1.014273114271,2.6404790066992,18.5786243847043
Wed Sep 05 11:00:00 UTC 2012,3039,nutellaconswag=40_I_KissedA_Girl=22_The_Monii3_FX=22_LoloSantana_M=18_AruLoPorto=18_khaled30594=18_ElJeankee002=17__SaluteMyGaynes=16_ch_rehaan=16_AlexaZel=15_nerdtalker=13,0.80636190229626,2.72641611871014,26.0867177535991
Wed Sep 05 12:00:00 UTC 2012,3185,agronsaur=53_tranceboy_johny=24__ciityBoyYeezy=23_nsenatore22=20_pamela_trinidad=20_nutellaconswag=18_Queen0fHeartsz=16_1800Car_Cash=16_briannaL_=16__Rossmartiinez=15_ParisLenore=15,0.675717212364716,2.90530237860954,55.0765631728041
Wed Sep 05 13:00:00 UTC 2012,3092,AyooItsTianna=38_agronsaur=37_CISCATOMATIAS=29_Prettypatty9=27_ThaTopOfMyGame=25_ch_rehaan=23_nsenatore22=21_mcdonald494=21_tranceboy_johny=19_nygeneral=18_liveINDYfuture=18,0.765141131609946,2.45914513675764,34.2505789662658
Wed Sep 05 14:00:00 UTC 2012,3283,ThaTopOfMyGame=29_WhoCaresTho_=27_CISCATOMATIAS=24_film_girl=19_Dayannerrr=18_tranceboy_johny=16_zavybaby0=16_OhHaiChey=16_liveINDYfuture=16_Only_Marsh=15_greengart=15,0.525933733675703,2.15577977829964,22.853730066533
Wed Sep 05 15:00:00 UTC 2012,3066,Only_Marsh=29_Stratocumulus=27_CISCATOMATIAS=25_xo_fini=25_sammyautomaticc=23_GAGASUGARTITS=21_myotherself_=20_barriola_35=20_liveINDYfuture=19_Andrewthemark=19_bobbymontano=17,0.623945415306056,3.19423168767258,58.0068502740423
Wed Sep 05 16:00:00 UTC 2012,1790,XiphosLeonidas=23_DerekBFelix=17_Only_Marsh=15_xo_fini=14_tmj_nyc_hr=13_Dope_bishh23=12_callykarishokka=12_film_girl=11_Ninjaaaaa_BITCH=11_ArjetaaMontana=11_Madeleine_F_13=11,0.74507485945784,2.31585269912936,44.0017799892607
Wed Sep 05 17:00:00 UTC 2012,0,"",0,0,0
Wed Sep 05 18:00:00 UTC 2012,0,"",0,0,0
Wed Sep 05 19:00:00 UTC 2012,2489,Jenaeex33=38_DreamChaser427=37_DerekBFelix=29_nandidollx3=27_pextis24=26_dani9_gbc=22_Shae_GUNSxoxo=22_fabrayberrys=20_kae_augustine=20_Oh_queclassy=20_loveslerman=19,0.626242733385388,1.93655280341361,26.5786937334339
Wed Sep 05 20:00:00 UTC 2012,5010,tranceboy_johny=36_yungmilesflex=35_cenoura_do_lou=33_claarkkyy=31_YourBroFthi=31_Jenaeex33=30_DerekBFelix=27_Justdunkit_=24_NanaValenzuela=23_stephenautar=21_Aviator_Jay=21,0.847648398461689,2.68644568495941,37.4956176535614
Wed Sep 05 21:00:00 UTC 2012,5459,MiLoveGangsta=53_tranceboy_johny=50_agronsaur=49_tommyjohnmurray=35_Queen0fHeartsz=35_stephenautar=34_ChawlieeefLeee=29_ThaTopOfMyGame=29_DanStanleyF2D=28_YourBroFthi=28_BlackStephan=26,0.664924148848906,2.73951575964845,61.582516062616
Wed Sep 05 22:00:00 UTC 2012,5933,KevinWayne_=70_tranceboy_johny=41_ChawlieeefLeee=40_SaritaGmz=37_StarlinqA=27_cenoura_do_lou=26_zavybaby0=26_rosadomendoza=26_Crazy_Lexiee=26_JKiddversion1=24_CesarDash_=24,0.663226963847548,2.32622027544669,57.6508386285229
Wed Sep 05 23:00:00 UTC 2012,5473,KevinWayne_=54_cenoura_do_lou=52_zezaar=44_Quan_bedrock=38_tranceboy_johny=36_Jenaeex33=36_Benzel_BiGbEn=33_NRafter=29__CallMeMir=29_jptownley=28__ciityBoyYeezy=27,0.53492008513062,1.85352563220377,28.6481990998977
Thu Sep 06 00:00:00 UTC 2012,3169,_CallMeMir=47_Quan_bedrock=32_MinahSosa=31_ElJeankee002=29__Papii_Shampoo=27_Jenaeex33=23_3rdwardtrill=23_ThatGirlSimba=22_sophiagurule=20_KeishaCray=19_AriLence=18,0.588048303731664,2.98564135418548,48.750854927442
Thu Sep 06 01:00:00 UTC 2012,2085,CLASSICOLIVE=47_Jenaeex33=36_Anaa_Celiaa=34_MinahSosa=31_WB_Slash=30_tGo2g0=25_joshuacooper10=24_thatTHUGMonae=24_Benzel_BiGbEn=22_MaleFreakStudio=21_xo_fini=20,0.743987235787301,2.44620778190571,26.970041384431
Thu Sep 06 02:00:00 UTC 2012,1212,Jenaeex33=59_ThaTopOfMyGame=35_Cheifboy=24_PRINCE55_RED=21_mizwunmie=19_Only_Marsh=19_Kiduke1=19_TrukFit_HOE=18__AichaE=17_TheReaal_Me=15_The_Monii3_FX=15,0.830196469891828,3.79681814228198,47.2529334698386
Thu Sep 06 03:00:00 UTC 2012,777,ThaTopOfMyGame=54_emilleeyaa=39_xo_fini=23_Only_Marsh=21_TrukFit_HOE=18_bunnuchu=18_salvadorsorian5=17_kdonnn=12_dawnlovesdavid=12_The_Monii3_FX=11_TheReaal_Me=9,0.374863676164982,4.94495813985584,63.187701727978
Thu Sep 06 04:00:00 UTC 2012,385,xo_fini=63_emilleeyaa=30_NaomiMojica=11_batoufreshoupa=10_ThaTopOfMyGame=8_johnac23=7_withlove_kaydie=7_Yakaz_Whisperer=7_Prasad_Paatkar=7_The_Monii3_FX=5__MahonyJC=5,2.50940125317315,4.94416488924781,22.2704096638516
Thu Sep 06 05:00:00 UTC 2012,356,xo_fini=19_YaManCntHandle=12_Marlon_COD=9_Sixxstar74=9_ShitTheGangSays=7_USUCKYO=7_ncbii=5_dani9_gbc=5_iswaniin=5_tfuture13=5_pauldurantt=4,1.31454103346557,4.13687857886573,43.1338568126063
Thu Sep 06 06:00:00 UTC 2012,735,Go_Rivera=15_dani9_gbc=12_WB_Slash=11_willtrainer008=8_DoroCherie=8_ethnix_=7_EMA_JIN=7_enpeboul=7_itsEzgiKaradas=6_Article_24=6_crazy4ryopi=6,1.17149973150817,3.3218449349627,32.0733601469384
Thu Sep 06 07:00:00 UTC 2012,1542,CLASSICOLIVE=23_dani9_gbc=16_JoaaMarily=14_willtrainer008=13__MiryaMugiwara=12_DoroCherie=12_KingSinghNYC=12_MannyKen21=11_mcdonald494=11_NayFenty=11_SocratesG21=11,1.04882488210864,4.43552984208373,129.127838651202
Thu Sep 06 08:00:00 UTC 2012,2087,Marlon_COD=25_Noviasmii=25_tranceboy_johny=19_DamaNilz=19_CLASSICOLIVE=17_MIDNITEtheDJ=16_Marcie14=16_JoaaMarily=14_Mane_TravisC=14__MiryaMugiwara=13_KeekzD=13,1.56194993957722,4.08795967250378,38.190388605433
Thu Sep 06 09:00:00 UTC 2012,2356,Noviasmii=28_Neptune_TOS_24=26__VinnyGee=21_WhoCaresTho_=20_dani9_gbc=17_BootyliciousCeo=16_EMERYALBA=16_DaisyBaaby=15_pamela_trinidad=14_FA_v1c=13_ROCLIFEMEDIA=12,0.611064979494159,3.4153913677127,46.6898048010839
Thu Sep 06 10:00:00 UTC 2012,2715,Benzel_BiGbEn=43_Prettypatty9=28_WhoCaresTho_=26_dani9_gbc=23__VinnyGee=23_salvadorsorian5=19_ImThe_ShitHoe=19__ciityBoyYeezy=17_Noviasmii=17_krissstel=14_GaziMinaj=14,0.507937616190314,2.91102945364652,26.9285675364804
Thu Sep 06 11:00:00 UTC 2012,2667,Benzel_BiGbEn=28_XGilli_Da_KingX=23_salvadorsorian5=22_kingcodae=20_tranceboy_johny=18_cenoura_do_lou=15_alonso_briceno=14_ThatGirlSimba=14_gabscoitu=14_fraudado=14_Jbeaute12=14,0.536248613953794,2.71995273935372,54.8875095928384
Thu Sep 06 12:00:00 UTC 2012,2635,HenryStimler=42_Prettypatty9=28_PRINCE55_RED=18_mcdonald494=16_ChannyJ_=15_tranceboy_johny=15_emilleeyaa=14_pextis24=13_Shootpeople=13_itsEzgiKaradas=13_NetsNation_=12,0.72133167003952,2.49713499096786,43.1636357358488
Thu Sep 06 13:00:00 UTC 2012,2594,SonnyG103=42_mcdonald494=32_agronsaur=17_The_Monii3_FX=14_Patcheel=13_tranceboy_johny=12_RealYoungWave=12_Only_Marsh=12_ch_rehaan=11_MyOnlyLoveJenn=11_shatheif=11,0.6971954925325,2.4733949216537,39.8255886104308
Thu Sep 06 14:00:00 UTC 2012,2912,itsEzgiKaradas=50_tranceboy_johny=25_FerzanAlfahad=17_g_kaur423=16_HenryStimler=16__LifeStylee=15_WhiteGirl_Asiaa=15_nerdtalker=14_angeljimenez=14__ImMamaMoon=12__SaluteMyGaynes=12,0.876751652748521,3.21776860481639,27.4912220740488
Thu Sep 06 15:00:00 UTC 2012,3283,Stratocumulus=43_CISCATOMATIAS=43_youngrockaway=34_tranceboy_johny=31_ChannyJ_=26_Guitarhandle=24_WhiteGirl_Asiaa=24__LifeStylee=23_Topcat19582005=22_itsEzgiKaradas=20__Melodie_Gezer=19,0.792899540627252,2.6928871052136,67.9167733145398
Thu Sep 06 16:00:00 UTC 2012,3196,CISCATOMATIAS=20_Wayne_Aikens=19_karina_ortiz23=18_MissPhat_96=18_GAGASUGARTITS=17_ArjetaaMontana=17__MiryaMugiwara=17_XiphosLeonidas=16_liveINDYfuture=15_lorin_milian=15_MyOnlyLoveJenn=15,0.695820382868813,1.94903719029256,17.4815072743582
Thu Sep 06 17:00:00 UTC 2012,3416,MEaziiNBP=66_KevinWayne_=61_WhiteGirl_Asiaa=33_LNathaliaM=24_Janle13=23__MiryaMugiwara=22_BadawiMostafa=20_Mane_TravisC=20__iGO_1Direction=18_elichotti=17_Mane_Skywalker=17,0.68076624651682,3.19664655702376,96.2561174662601
Thu Sep 06 18:00:00 UTC 2012,3668,Ms5lettas=50_MEaziiNBP=47_KevinWayne_=37_LoVeNuRkIs=31_Prettypatty9=29_cenoura_do_lou=24_Radiateloveever=23_dani9_gbc=21_MariaAngelicaMM=19_0ceanSilence=16_hausoffetz=14,1.02573732653862,2.79902040419535,29.9334189867805
Thu Sep 06 19:00:00 UTC 2012,4762,cenoura_do_lou=41_valeemariee=36_hausoffetz=36_kathy_jimenez12=35_Hipstagram__=33_XGilli_Da_KingX=28_HayleyOurQueen=26_WhimsicalCay=26_ThatGirlSimba=25_KevinWayne_=22_KyleEditor=21,0.60403585605788,2.49758432111331,46.4462328166911
Thu Sep 06 20:00:00 UTC 2012,7385,AyooItsTianna=56_cenoura_do_lou=51_AudyDiaz=46_01stMarch1994=43_ThvtNiggaKayvon=42__KingMalcolm=41_Justdunkit_=41__ShariAralis=40_Rafrocdoc1234=38_joytheblondie=38_bernaplandano=38,0.626528048027227,2.67627524456377,65.0247259433675
Thu Sep 06 21:00:00 UTC 2012,7948,KeishaCray=55_MannyKen21=54_Hipster_Nights=48_AlexxComo=45_ThatGirlSimba=43_danielleluvx=43_stayg0ldenkid=42_Rafrocdoc1234=39_Dons_Cloudz=39_laurasux=37_KevinWayne_=37,0.637802239707551,2.81774922180183,65.0247259433675
Thu Sep 06 22:00:00 UTC 2012,6255,kushone12=58_The_Monii3_FX=40_johannacamba=37_agronsaur=36_tee_2necklace=31_patrickpiteo=31_DerekBFelix=29_ericadrayton=28_Roseeabella=28_MrFuckingReal=25_salvadorsorian5=25,0.689361675544963,2.63241224196065,100.915792439375
Thu Sep 06 23:00:00 UTC 2012,5061,_ciityBoyYeezy=38_The_Monii3_FX=34_agronsaur=32_stephenautar=32_ArjetaaMontana=28__KingMalcolm=26_superacidjax=25_tranceboy_johny=25_JoseNietox26=25_nosillaanderson=24_karina_ortiz23=24,0.934802834749578,3.60888434891131,65.0251853464651
Fri Sep 07 00:00:00 UTC 2012,3319,bunnuchu=44_JTversion1=38_pextis24=35__ciityBoyYeezy=33_lalalatinaaaxo=33_CesarDash_=31_SmokinOn_Dour=29_TruthTheLesbian=28_TommyFitz_=27_Ninjaaaaa_BITCH=27_JoseNietox26=23,0.745958027611569,3.00597250242961,46.4465609617608
Fri Sep 07 01:00:00 UTC 2012,2148,TruthTheLesbian=71_StageNameHere=30_tee_2necklace=28_AriLence=27_thatTHUGMonae=26_CLASSICOLIVE=24_ChannyJ_=23_Useby=19_XiphosLeonidas=18_Sonsuz1903=18_cenoura_do_lou=17,0.683107952560244,2.03021569652556,25.1092584426996
Fri Sep 07 02:00:00 UTC 2012,1356,TheComplexOne88=37_TruthTheLesbian=33_thatTHUGMonae=28_ThvtNiggaKayvon=27_AriLence=21_DerekBFelix=18_mcdonald494=18_stephichinsalvo=18_XtremeDL=17_The_Monii3_FX=17_StageNameHere=15,0.883093334031344,2.16975153076434,18.9934673293754
Fri Sep 07 03:00:00 UTC 2012,860,bunnuchu=34_cenoura_do_lou=25_Only_Marsh=23_DiamondXCIV=23_sadhipster=22_ImOnlyRickNvsty=22_dawnlovesdavid=16_ThaTopOfMyGame=16_kojakan=14_MatatanAzul=12_CLASSICOLIVE=12,0.694292854183615,2.13434342908023,18.9382749542511
Fri Sep 07 04:00:00 UTC 2012,456,SexPaperWeed=31_mizwunmie=22__MiryaMugiwara=19_krissstel=14_CLASSICOLIVE=11_ibnlawry_456=10_lorin_milian=10_jotyyyy=9_Sixxstar74=8_cenoura_do_lou=8_MrBoang=7,0.69593369949635,1.65360415375191,13.3063223031423
Fri Sep 07 05:00:00 UTC 2012,425,mizwunmie=28_GAGASUGARTITS=15__MiryaMugiwara=14_NivensYQE=13_ranafonk=7_tommiedcollins=7_metabolic333=7_jotyyyy=6_eltocho77=6_ManilaPhCondos=6_mikeynyc=6,0.68374573682268,3.08167199657557,13.4888110700035
Fri Sep 07 06:00:00 UTC 2012,800,mcdonald494=42_ayokande=27_MannyKen21=12_VielArtuz=11_aworshipa4lyfe=10_FerdinandRising=9_bowbee18=9_TrukFit_HOE=8_Cnoneaboveme=7_Jonathanx324=7_MauriceMichael=7,1.29470186112995,3.32496949141151,20.8526819262121
Fri Sep 07 07:00:00 UTC 2012,1521,mcdonald494=50_Event_Detection=35_ayokande=19_Mane_TravisC=18_GAGASUGARTITS=16_cardenaldem=16_lorin_milian=14_Misshhhyelle=14_krissstel=14_johnac23=12__JessicaaLeanne=12,1.03713373419583,5.63337122127543,93.5709178439658
Fri Sep 07 08:00:00 UTC 2012,2003,MattSRoss81=21_bunnuchu=21_GAGASUGARTITS=19_GINA__xx=19_tranceboy_johny=18_VielArtuz=18__MiryaMugiwara=12_reanna_parisi=12_Lincasi=12_good_vicky=11_SatansSinSeeker=11,0.969609064781918,3.18772936102352,31.1971135440332
Fri Sep 07 09:00:00 UTC 2012,2363,mcdonald494=29__ciityBoyYeezy=28_GAGASUGARTITS=24_Noviasmii=22_johnac23=18_agronsaur=15_bunnuchu=14_Benzel_BiGbEn=13_assaf113=13_tranceboy_johny=13_Topcat19582005=13,0.869516209861188,3.25296372087756,52.5945070313494
Fri Sep 07 10:00:00 UTC 2012,2610,fabiielaine=38_agronsaur=36_Noviasmii=29_OriginalDon_HTS=19_frankieciv608=18_Event_Detection=18_LightDarkPhate=17_The_Monii3_FX=15_its__lexxx=14_BronxnetTV=14_GAGASUGARTITS=13,0.594170072315542,2.81117628806064,49.056784204932
Fri Sep 07 11:00:00 UTC 2012,2950,agronsaur=55_Prettypatty9=35_LightDarkPhate=34_whosthatlesb=25_MyOnlyLoveJenn=24_pextis24=23_GINA__xx=21_ChannyJ_=21_DjSplash973=21_BreathGuru=20_F_Bautista94=20,0.690729343983552,2.90187964294308,75.9599040817552
Fri Sep 07 12:00:00 UTC 2012,2658,agronsaur=31_The_Monii3_FX=27_HeyItsMeKamil=25_mcdonald494=21_Wayne_Aikens=15_twiggy204=13_U_Thought_That=13_Evelovely_=12_GINA__xx=12_DJLyric87=12_MyOnlyLoveJenn=11,0.722770304146266,2.55325395894004,36.9665332096766
Fri Sep 07 13:00:00 UTC 2012,2557,XGilli_Da_KingX=40_HayleyOurQueen=33_DropX_Xgorjus=27_Cherryfotograph=23_Aye_Shama=20_agronsaur=19_VioleMolinaa=18_Jenaeex33=17_HeyItsMeKamil=17_timewillnotstop=17_nygeneral=16,0.579793325625333,3.29325263810876,73.7959905835976
Fri Sep 07 14:00:00 UTC 2012,2816,bunnuchu=39_Cherryfotograph=32_XGilli_Da_KingX=29_tranceboy_johny=25_Megglezzz=19_whosthatlesb=18_JTversion1=18_agronsaur=17_LNathaliaM=16_chefpramos=16_Asia_Bhadd_=15,0.739886948329554,3.36479910458082,36.555319162661
Fri Sep 07 15:00:00 UTC 2012,2503,mcdonald494=40_XGilli_Da_KingX=40_Cherryfotograph=32_tranceboy_johny=32_bunnuchu=24_XiphosLeonidas=21_agronsaur=18_GAGASUGARTITS=16_the_reigns=16_principessaxox=16_The_Monii3_FX=16,1.11159706534624,3.0256683965621,27.3564236868794
Fri Sep 07 16:00:00 UTC 2012,3211,andra_nunes=45_agronsaur=42_tranceboy_johny=34_Stratocumulus=30_ADAllDay32=27_BklynTreasury=27_The_Monii3_FX=24_pextis24=22__Melodie_Gezer=21_201Ransom=20_JohnLaRusso485=19,0.774405280231509,2.70781108171262,23.2863452511563
Fri Sep 07 17:00:00 UTC 2012,3608,NomikiGlynatsis=34_PRINCE55_RED=31_RansellSosa=29_Falcom61=28_supPushPop=21_ArjetaaMontana=21_AnomosityMuzikk=21_CarrollJB9=18_andra_nunes=18_jahsonmc=18_loveslerman=18,0.90504762803735,3.47150151358204,73.8348148017559
Fri Sep 07 18:00:00 UTC 2012,3265,supPushPop=33_agronsaur=29_Prettypatty9=26__CallMeMir=22_CarrollJB9=21_LoloSantana_M=20_lisa_riera=20_v_castilho=16_JAZZY_B3LL=16_Hipster_Nights=15_FvckTyler_=14,0.802176039908896,2.58070493967009,23.8630051813776
Fri Sep 07 19:00:00 UTC 2012,3075,stephenautar=29_DAVIDOSPISIERRA=26_Hipster_Nights=22_HeyItsMeKamil=20_hazzaabear=16_v_castilho=15_FrancescaTW94=14_VioleMolinaa=14_aaldu18=13_Don_Scrats=13_Sonsuz1903=13,0.63445113606264,2.54848001736974,45.095906977193
Fri Sep 07 20:00:00 UTC 2012,3722,tmj_nwk_jobs=64_AudyDiaz=36_mcdonald494=30_EnvyKillsx=29_KevinWayne_=29_CashThatClarisa=26_hazzaabear=25__TiBoss_=23_RespectMySexxy=21_Hipster_Nights=19_HayleyOurQueen=18,0.717259800916885,3.2842426021448,87.6960768980542
Fri Sep 07 21:00:00 UTC 2012,3796,KevinWayne_=41_Gabriel1120NY=23__TiBoss_=23_MoniiJayy=22_LoloSantana_M=21_AudyDiaz=19_EnvyKillsx=19_SirHasshole95=18_agronsaur=18_VielArtuz=18_DerekBFelix=18,0.828529349318224,2.69302643605156,43.0850877240539
Fri Sep 07 22:00:00 UTC 2012,4132,Sonsuz1903=65_agronsaur=35_JTversion1=30_fina_dama=29_The_Monii3_FX=29_DerekBFelix=28_RealBryce23=26_ChawlieeefLeee=24_KarenaTequilera=24_Caityyy1697=24_HayleyOurQueen=23,0.81240260711007,2.99568293029181,56.6390618262945
Fri Sep 07 23:00:00 UTC 2012,3968,JTversion1=62_Sonsuz1903=37_tranceboy_johny=36_MaMi_Im_Papi=34_maria_duarte29=29_KevinWayne_=27_JusBee83=26_Jenaeex33=25_ChawlieeefLeee=23_THEKiDNELV=23_ThatRainbowPiff=23,0.855098853262473,2.89119735662715,71.5567813484382
Sat Sep 08 00:00:00 UTC 2012,3479,angelicaxoxrose=42_ValeriaKuar=41_LightDarkPhate=40_ImThe_ShitHoe=37_0ceanSilence=37_wekonjayce=25_3rdwardtrill=25_TheRobertNieves=23_MaMi_Im_Papi=22_AngelaMaarie_=21_supPushPop=21,0.605515534812626,2.77743860743719,88.1747070710367
Sat Sep 08 01:00:00 UTC 2012,2618,TruthTheLesbian=48_CashThatClarisa=43_ElJeankee002=40_cenoura_do_lou=37_its__lexxx=26_Piffbeatz=22_Guitarhandle=21_LoVeNuRkIs=21_DJROBHILLNYC=20_The_Monii3_FX=20_timewillnotstop=20,1.02319315860891,3.77038259707699,71.8540599216877
Sat Sep 08 02:00:00 UTC 2012,1843,DerekBFelix=32__CallMeMir=32_Guitarhandle=30_ThatGirlSimba=25_oshaihdmacavel=24_cenoura_do_lou=24_The_Monii3_FX=24_TruthTheLesbian=23_Piffbeatz=21_Tresvainas=19_AnomosityMuzikk=19,0.735105085243912,2.82450115450481,32.418679114921
Sat Sep 08 03:00:00 UTC 2012,1026,The_Monii3_FX=21_TruthTheLesbian=18_AhmetKoyuncu2=14_TGIFernz=14_erikson_rd=13_cutiejc=13_Shes_LovingMelo=13_DizzyThe_iLLest=12_I_Am_GauwddGang=12_ImOnlyRickNvsty=11_M_PriZzLe=11,0.789044461240944,2.83500280260925,18.5784243543739
Sat Sep 08 04:00:00 UTC 2012,697,01stMarch1994=31_TruthTheLesbian=27_Shes_LovingMelo=21_Dfresh_SelfMade=15_StefaniaNoe=14__CallMeMir=14_Jenaeex33=14_cenoura_do_lou=13_GaruPerez=13_EatMe_MyTweets=13_Be_bad_boy=9,0.632570336072453,1.63337132545511,9.75108095237329
Sat Sep 08 05:00:00 UTC 2012,455,cenoura_do_lou=49_hugoleon281150=23_FrancoManango=12_Lanisha22=12_EnvyisBlind_=10_ChrisreppinXTV=9_Yakaz_Whisperer=9_GAGASUGARTITS=9_Regina_B=8_LewSwells=8_NewJerZ=7,0.395556719130669,3.72107730925521,35.5702587406805
Sat Sep 08 06:00:00 UTC 2012,373,GAGASUGARTITS=17_ink_NY=15_Madeline_Anette=12_LoveIemand=10_nastyadedova=7_HBCx=7_skywalka210=7_kotivas=6_stephenautar=6_ant_cyrus816=5_skrap2343=4,1.43492161783981,6.44663787523284,33.3803330784837
Sat Sep 08 07:00:00 UTC 2012,636,DavidBran6=15_mcdonald494=13_iloveyousoNey=11_ant_cyrus816=11_empari_=9_BrianCAlejo=9_Alexy_Alexsis=9_zeldman=8_ChrisreppinXTV=8_Haitianlord=7_skrap2343=7,1.82162841362479,7.60295829086855,65.8377888205267
Sat Sep 08 08:00:00 UTC 2012,1067,fabiielaine=49_iKindel15=16_Echelon_Hec=16_Prettypatty9=14_IrianniD=13_wekonjayce=13_shatheif=12_zeldman=11_Yugk_GC=11_OhThatsJakiemia=10_MaryJnIco=9,0.940265783672849,3.77284230730742,35.0104234234323
Sat Sep 08 09:00:00 UTC 2012,1843,Echelon_Hec=36_fabiielaine=31_Prettypatty9=23_angelicaxoxrose=21_HBCx=18_DJLyric87=13_eltocho77=13_ms_breezyy=13_FA_v1c=12_aedwards19=12_iloveacuraTNB=12,0.916235864202455,3.38756517845306,32.3261558708755
Sat Sep 08 10:00:00 UTC 2012,2618,KevinWayne_=63_Jade_Films=32_fabiielaine=24_NasKaras=21_KiillaBeanz=20_pdubs93=18_aedwards19=17_fas34th=17_agronsaur=15_Melz_527=15_Hipster_Nights=13,0.989406695250446,2.99747391658532,28.8200547853648
Sat Sep 08 11:00:00 UTC 2012,2823,KiillaBeanz=50_kweffa23ohh=33_The_Monii3_FX=30_GAGASUGARTITS=25_its__lexxx=20_fabiielaine=16_WwaaaaanN=15__9110024=14_richy0123=14_PrettiGurlCo_CO=13_sclskmn=13,0.597021667269053,2.60954586714845,73.7053376862952
Sat Sep 08 12:00:00 UTC 2012,3218,XGilli_Da_KingX=34__CallMeMir=26_KiillaBeanz=24__SkateRat=24_AudyDiaz=23_PSUinNYC=23_agronsaur=22_hazzaabear=18_EastCoastProsp=18_LNathaliaM=16_StarGyal_=15,0.874627845540645,3.41247164606806,49.1545464243225
Sat Sep 08 13:00:00 UTC 2012,3017,Jenaeex33=53_agronsaur=25_Stratocumulus=21_MaMi_Im_Papi=19_LawrenceMyNigga=19_ItsSkinzDOTcom=18_deejayjustin=17__SaluteMyGaynes=17_PSUinNYC=17_bIackxjesus=16_HiddenButSeen=14,0.744892626469486,2.75292061736426,49.1021696230105
Sat Sep 08 14:00:00 UTC 2012,2897,agronsaur=35_PSUinNYC=29_ITeen_Quotess_=22_Echelon_Hec=22_MJennifer_02=22_angelicaxoxrose=20_natty_fresco=20_Jenaeex33=19_LawrenceMyNigga=19_AbdullahK5=18_CesarDash_=18,0.611282704968307,2.21611293141636,21.7659457820017
Sat Sep 08 15:00:00 UTC 2012,3077,LoVeNuRkIs=33_MariaAngelicaMM=29_ImThe_ShitHoe=26_PSUinNYC=22_MaMi_Im_Papi=22_LawrenceMyNigga=20_chefpramos=18_ladywhimsy=18_fina_dama=17_SwagginStef=16_gissellee_x3=16,0.764069331793077,2.32708126457328,40.6072001993262
Sat Sep 08 16:00:00 UTC 2012,2900,karen_baby_x3=72_LawrenceMyNigga=45_agronsaur=40_KiillaBeanz=31_sweetnesstinax=20_Adam_E_Official=19_Daisy_Joy=14_ZynCartah_=14_TheScottFinley=13_dani9_gbc=13_DerekBFelix=12,0.775409643685517,2.32461852192124,17.8300202077972
Sat Sep 08 17:00:00 UTC 2012,3787,agronsaur=44_LawrenceMyNigga=34_BeazerNYJ=26__RyanNathaniel=21_nygeneral=21_babyloose_103=20_SpindolaMarisol=19_Ima_WildOnee=19_brittanayviolet=18_LoVeNuRkIs=17_LoloSantana_M=16,0.651790244984146,2.50998631099852,24.6278364332827
Sat Sep 08 18:00:00 UTC 2012,3448,LawrenceMyNigga=40_Sonsuz1903=27_3rdwardtrill=25_sadhipster=21_loveslerman=18_frankieciv608=16_its__lexxx=16_DerekBFelix=16_LoloSantana_M=14_3hairmohawk=14_MikaylaGlick=14,0.748270990819871,2.95855280432715,66.3116162003924
Sat Sep 08 19:00:00 UTC 2012,3367,EnvyKillsx=29_MaMi_Im_Papi=29_agronsaur=27_The_Monii3_FX=25_DerekBFelix=23_ZNewsSwagg=21_2juicylipsrenee=18_its__lexxx=18_IzabellaJunq=18_MikaylaGlick=15_wekonjayce=15,0.946854355972148,3.13191098734457,88.3471141128055
Sat Sep 08 20:00:00 UTC 2012,3381,tmj_nwk_jobs=44_Jenaeex33=35_agronsaur=33_ZNewsSwagg=32_LawrenceMyNigga=27_cenoura_do_lou=23_MaMi_Im_Papi=21_macksince92=21_EnvyKillsx=21_HayleyOurQueen=18_BeazerNYJ=17,0.794905574229478,3.35332995038567,54.6265677999321
Sat Sep 08 21:00:00 UTC 2012,3421,macksince92=43_DerekBFelix=33_MariaAngelicaMM=29_ITeen_Quotess_=28_Ima_WildOnee=25_NomikiGlynatsis=23_Jenaeex33=23_louisowner=21_swooon=19_ZNewsSwagg=18_LawrenceMyNigga=17,0.816663447984243,3.11041804691414,40.4379445967479
Sat Sep 08 22:00:00 UTC 2012,3612,DerekBFelix=52_IrianniD=52_louisowner=30_KevinWayne_=29_Randydiamondz=28__SkateRat=27_dnegry=27_Meen_Muggin=27_giaco1025=24_ZNewsSwagg=23_nicoleeastcoast=22,0.767767070930261,4.94612834610668,122.813235124295
Sat Sep 08 23:00:00 UTC 2012,3555,ZNewsSwagg=33_Tray60s=31_ThatGirlSimba=31_dannaaax3=30_mcdonald494=24_MariaAngelicaMM=22_Meen_Muggin=22_ValeriaKuar=21_jahneaelise_=21_aaldu18=19_ImJustA_Creator=19,0.610991551069106,2.77702322134267,24.9698484590774
Sun Sep 09 00:00:00 UTC 2012,3106,Ericaa_x031=29_EastCoastProsp=27_3rdwardtrill=25_rainydayroxie=24_ClassicWayne=22_a_magno0o=21_WeenAlvarado=20_ashleeyayleen=19_juanlopzB=19_CLASSICOLIVE=19_poche28=18,0.587873512955685,2.7369614270395,30.3953566706804
Sun Sep 09 01:00:00 UTC 2012,2348,_CallMeMir=33_dede244412=33_WhoCaresTho_=31_ThvtNiggaKayvon=29_MJennifer_02=27_mylovelydakota=23_SassySam1201=23_The_Monii3_FX=22_trace_kelly=21_3rdwardtrill=18_its__lexxx=18,0.610106324744877,3.05116184689137,70.7558025350721
Sun Sep 09 02:00:00 UTC 2012,1742,_CallMeMir=38_dede244412=24_Swaqqer_Int=23_TRVP2TRVP=21_MaleFreakStudio=20_swagmeoutbytch_=18_thedjjei=17_3rdwardtrill=17_Hipster_Nights=17_Hajrashid=17_CoolStory_Baee=16,0.642278331403027,1.89159410670749,22.4726697877437
Sun Sep 09 03:00:00 UTC 2012,1251,gabpaci97=35_dede244412=28__LifeStylee=24_f_ashionvoOdOo=24_TheyChoosinMe__=23_Sonsuz1903=22_xo_fini=21_JTversion1=21_Quan_bedrock=19_BryanAnthonyp=16_HeellesUnicorn=16,0.907205781898793,2.09938252364819,22.3246588647051
Sun Sep 09 04:00:00 UTC 2012,713,xo_fini=38_TwistedBrainwrk=22_ITeen_Quotess_=20_JPolania452=14_Icy_Sole=14_The_Monii3_FX=13_DigInHer_TWOT=11_SLBorbor=11_JAZZY_B3LL=11_KobeJo_=10_myonelovemaryj=9,1.00967506153765,2.49450266598769,24.9828439354418
Sun Sep 09 05:00:00 UTC 2012,519,ITeen_Quotess_=32_cenoura_do_lou=23_macksince92=17_Hajrashid=15_xo_fini=15_The_Monii3_FX=11_dani9_gbc=10_CLASSICOLIVE=9_Ninjaaaaa_BITCH=9_xSNOWHARE=8_KobeJo_=7,1.48117172339423,3.0439545108504,23.6875682170481
Sun Sep 09 06:00:00 UTC 2012,443,cenoura_do_lou=36_TwistedBrainwrk=21_Percyinfinitely=14_PaigeBurkee=12_bIackxjesus=9_dani9_gbc=8_Lanisha22=8_narcissusx=7_Hajrashid=7_serdarozalp=7_Champ9h=6,1.29713584089389,4.18741561634339,37.5852416946149
Sun Sep 09 07:00:00 UTC 2012,594,mcdonald494=13_NMourik=12_GonzaelzMike=10_imamover=10_bIackxjesus=9_T0ne_M=9_cenoura_do_lou=8_PaigeBurkee=7_LeonBlaq=7_Only_Marsh=7__MiryaMugiwara=6,0.678240589393241,6.18199540813863,114.45560939927
Sun Sep 09 08:00:00 UTC 2012,948,mcdonald494=19_Myrto33=16_ZayyOrtiz=13_bIackxjesus=12_ch_rehaan=11_jcalvarez=11_courtney_s11=11_shatheif=11_amrosario=10__Rossmartiinez=10_ink_NY=9,0.760816166202206,2.67206541261562,21.6319597106163
Sun Sep 09 09:00:00 UTC 2012,1678,mcdonald494=43_dani9_gbc=36_ClassicWayne=27_SocratesG21=23_MohdZahriSafri=20_HeyItsMeKamil=17_Noviasmii=17_KorkanMDNA=15_YungFreshxx=15_Vjlo24=14__Rossmartiinez=14,0.508271269425799,1.85565458570104,18.4547906525112
Sun Sep 09 10:00:00 UTC 2012,2413,Noviasmii=37_MohdZahriSafri=33_mcdonald494=24_couldbebroken=21_MauriceMichael=20_fabiielaine=17_AbdullahK5=17_Real_1D_Loverr=16_tweet_deez__=15_ClassicWayne=15_SocratesG21=14,0.739814100931167,2.88186901975117,43.3294033099599
Sun Sep 09 11:00:00 UTC 2012,2828,NadieSabeQuien3=46_Jayy_Oso_Daddie=34_tweet_deez__=25_ClassicWayne=23_ThatGirlSimba=22_SantiVelezn_n=16_v_castilho=15_TatianaSotelo=14_bIackxjesus=14_Harringtonkent=13_HeyItsMeKamil=13,0.80034110345007,2.72839181078744,44.6100069261005
Sun Sep 09 12:00:00 UTC 2012,2031,Jayy_Oso_Daddie=22_NadieSabeQuien3=21_The_Monii3_FX=20_NanaValenzuela=20_ThatGirlSimba=16_nara_betzel=13_BoogiedowNBEAR=12_MichelleRealx=11_ZNewsSwagg=11_mcdonald494=11_JohnnieChavers2=10,0.644250924236942,2.26243508361302,45.8481323389268
Sun Sep 09 13:00:00 UTC 2012,3374,ThatRainbowPiff=28_PRINCE55_RED=27_whosthatlesb=25_ImThe_ShitHoe=24_DreamChaser427=20_TasiiahtheGOON=17_Topcat19582005=16_Slimeball5=16__ShariAralis=15_MoEffinLeGenD=15_JetsInsider=14,0.640022136274953,1.91048947623978,16.5129111392398
Sun Sep 09 14:00:00 UTC 2012,3461,XGilli_Da_KingX=49_thejoshuablog=31_PRINCE55_RED=30_Obeyy_Deez=23_The_Monii3_FX=23_giaco1025=20_JoseNietox26=17_Wayne_Aikens=15_iNikkoz=15_Tahajj_Swan=14_LeoDanielChG=14,0.7184959057564,2.78222159185457,52.7561498960322
Sun Sep 09 15:00:00 UTC 2012,3363,Jade_Films=28_MariaAngelicaMM=27_JKiddversion1=27_Andrewthemark=25_Jayy_Oso_Daddie=22_EomnaAmy=22_NanaValenzuela=21_6lackEXCELLENCE=19_I_Shania=18_Dominican_York=17_The_Monii3_FX=17,0.611735962128045,2.80739897104107,33.5262340773633
Sun Sep 09 16:00:00 UTC 2012,3455,MeliissaOrtiz=47_Jenaeex33=24_Dominican_York=23__KingMalcolm=21__RyanNathaniel=21_iloveyousoNey=21_The_Monii3_FX=20_Matthewg5=16_NanaValenzuela=16_LawrenceMyNigga=15_NZavaa=15,0.851304355816781,3.42451909693977,37.9124882325356
Sun Sep 09 17:00:00 UTC 2012,3443,LawrenceMyNigga=38_Prettypatty9=35_Sarahphara_TW=31_Matthewg5=23_KevinWayne_=22__RyanNathaniel=20_The_Monii3_FX=19_Real_1D_Loverr=19_giaco1025=19_Brandon_Simon05=18_I_Shania=16,0.766228424070252,2.79624706900983,33.1440591821652
Sun Sep 09 18:00:00 UTC 2012,3593,Jayy_Oso_Daddie=35_FrancisMoreau=35_NanaValenzuela=31_The_Monii3_FX=26_DerekBFelix=25_Obeyy_Deez=23_fredy_moraes=21_GINA__xx=20_mcdoobie=19_XGilli_Da_KingX=19_obsessedwithmc=17,0.745371816033419,2.9932925960323,31.1032886289317
Sun Sep 09 19:00:00 UTC 2012,3813,VioleMolinaa=46_Jayy_Oso_Daddie=45_LawrenceMyNigga=36_andra_nunes=33_Jenaeex33=32_JTversion1=32__RyanNathaniel=29_TwistedBrainwrk=26_GINA__xx=22_DerekBFelix=20_KevinWayne_=19,0.870025486587896,2.98232827763966,56.9430519447739
Sun Sep 09 20:00:00 UTC 2012,4282,tmj_nwk_jobs=56_LawrenceMyNigga=49_JTversion1=47_nwklegal=40__CallMeMir=39_KevinWayne_=36_marcoscostaz=35_Dons_Cloudz=27_g_kaur423=25_USUCKYO=25_The_Monii3_FX=24,0.654647039962228,4.78030740196911,75.1672819962225
Sun Sep 09 21:00:00 UTC 2012,3929,veltri94=78_LawrenceMyNigga=41_JTversion1=39_0ceanSilence=34_bunnuchu=33_SpindolaMarisol=23_fabiielaine=23_bsandusky=23_ZNewsSwagg=20_Jayy_Oso_Daddie=20_principessaxox=19,0.740003813242107,3.30426573543437,43.4601944326274
Sun Sep 09 22:00:00 UTC 2012,4288,KevinWayne_=35_fabiielaine=31_The_Monii3_FX=26_MariaAngelicaMM=24_3rdwardtrill=24_LawrenceMyNigga=24_nycbums=23_JTversion1=22_Nasseem7=22_Jenaeex33=22_BoweryBoys=22,0.799915816457258,3.07405528027674,45.7547647317664
Sun Sep 09 23:00:00 UTC 2012,4264,Daddy_Montero=46_SpindolaMarisol=40_AlexaZel=40_tweet_deez__=39_lalalatinaaaxo=36_LawrenceMyNigga=35_kevin_powell=29_MJennifer_02=28_dede244412=26_Jenaeex33=26_adriennekas=26,0.450212541327836,2.5548967122257,40.2318065483507
